title,company,location,posted_date,experience_level,skills,salary_lpa_min,salary_lpa_max,job_link,scraped_at
Analytics Intern,"Lloyd, Hoffman and Hill",Bangalore,2025-05-12,Internship,"Excel, Machine Learning, Python",1,2,https://www.martin.com/,2025-05-21 20:16:26
Analytics Intern,"Randolph, Rivers and Richardson",Mumbai,2025-05-21,Internship,"SQL, Communication, Statistics",1,2,http://www.garner.net/,2025-05-21 19:33:15
Data Engineer,Liu LLC,Bangalore,2025-04-26,Mid Level,"Communication, Tableau, Excel",11,12,http://www.hudson.biz/,2025-05-19 14:59:24
Data Analyst,Murphy Group,Delhi,2025-05-22,Mid Level,"Power BI, Statistics, Excel",8,11,https://barton-martinez.com/,2025-05-02 03:35:25
Data Analyst,Taylor LLC,Gurgaon,2025-05-01,Entry Level,"Communication, Tableau, Python",4,6,http://www.jenkins.net/,2025-05-12 23:39:17
BI Analyst,"Black, Murray and Sullivan",Chennai,2025-05-11,Senior Level,"Power BI, Machine Learning, Python, Statistics, SQL",21,24,https://www.martin.com/,2025-05-03 09:01:01
ML Engineer,"Black, Murray and Sullivan",Hyderabad,2025-05-08,Senior Level,"Machine Learning, SQL, Excel, Communication",18,21,https://murphy-may.com/,2025-05-09 21:16:16
Data Scientist,Greene PLC,Chennai,2025-04-28,Mid Level,"Excel, Tableau, Machine Learning, SQL, Statistics",11,12,http://www.morris.info/,2025-05-16 11:09:23
BI Analyst,Miller-Williams,Chennai,2025-05-20,Senior Level,"Power BI, Machine Learning, Excel, Python, SQL",22,25,https://ellis.biz/,2025-05-06 09:53:48
Data Analyst,Adkins-Moyer,Gurgaon,2025-05-20,Entry Level,"Machine Learning, SQL, Communication, Power BI, Tableau",3,6,https://taylor.com/,2025-05-01 01:30:13
Analytics Intern,Green Ltd,Delhi,2025-05-13,Internship,"Tableau, Machine Learning, Communication",1,2,http://mendoza-pham.info/,2025-05-21 03:25:41
BI Analyst,Nelson-Juarez,Gurgaon,2025-04-27,Entry Level,"SQL, Statistics, Python, Machine Learning",3,6,https://nelson-nichols.com/,2025-05-03 23:55:24
Data Scientist,Smith Inc,Delhi,2025-04-28,Mid Level,"Statistics, Power BI, Tableau",9,12,https://www.chan-anderson.com/,2025-05-03 20:48:14
BI Analyst,"Whitehead, Williams and Johnson",Chennai,2025-05-22,Senior Level,"SQL, Machine Learning, Tableau, Excel, Statistics",12,23,https://lynch.biz/,2025-05-19 21:45:28
Data Analyst,Smith-Foster,Gurgaon,2025-04-23,Entry Level,"Tableau, Communication, SQL, Statistics, Python",3,6,https://www.becker-velazquez.info/,2025-05-09 09:14:58
Analytics Intern,Lara-Conner,Hyderabad,2025-04-28,Internship,"Python, Tableau, Excel",1,2,https://www.carr-faulkner.com/,2025-05-11 20:58:39
BI Analyst,Reed-Lane,Mumbai,2025-04-24,Senior Level,"Python, SQL, Tableau",24,25,https://kelly.com/,2025-05-04 08:08:45
Data Analyst,"Black, Murray and Sullivan",Remote,2025-05-09,Senior Level,"Communication, Tableau, SQL",24,25,https://www.alexander.com/,2025-05-16 00:43:22
ML Engineer,"Whitehead, Williams and Johnson",Gurgaon,2025-05-05,Senior Level,"Tableau, Power BI, Machine Learning, Excel, Statistics",20,22,http://www.rangel-hamilton.com/,2025-05-20 14:58:34
Data Engineer,Graves-Cole,Mumbai,2025-05-22,Entry Level,"Power BI, Tableau, SQL",3,5,http://www.morris.com/,2025-05-05 14:16:34
Data Analyst,Jones Inc,Bangalore,2025-04-24,Entry Level,"Power BI, Excel, Machine Learning",3,5,https://www.williamson-beasley.com/,2025-05-10 05:40:14
BI Analyst,Ford LLC,Delhi,2025-04-24,Mid Level,"Communication, Statistics, Power BI",10,12,http://www.pierce.com/,2025-05-23 14:57:51
Data Scientist,Mcdaniel Inc,Mumbai,2025-05-04,Mid Level,"Communication, Statistics, Machine Learning, Python",8,12,https://vance.com/,2025-05-15 08:45:38
Analytics Intern,"Bradley, Silva and Herrera",Mumbai,2025-05-20,Internship,"Machine Learning, Statistics, Python, SQL, Tableau",1,2,http://www.johnson.info/,2025-05-17 00:32:18
Data Scientist,Nelson-Parker,Remote,2025-05-13,Entry Level,"Power BI, Statistics, Python, Communication",3,5,http://www.tran-decker.net/,2025-05-01 06:08:43
Data Engineer,Mcdaniel Inc,Bangalore,2025-04-30,Mid Level,"Power BI, SQL, Communication",10,11,http://www.lewis.biz/,2025-05-12 19:25:53
BI Analyst,"Phillips, Phillips and Phillips",Hyderabad,2025-04-25,Senior Level,"Python, Power BI, Excel, Statistics",12,15,http://bender-jackson.com/,2025-05-20 07:54:54
ML Engineer,Proctor-Evans,Remote,2025-05-14,Entry Level,"Python, Machine Learning, Excel",4,5,https://www.young-gill.com/,2025-05-01 07:51:39
Data Analyst,"Bray, Hawkins and Fowler",Remote,2025-04-29,Mid Level,"SQL, Statistics, Communication",10,11,https://johnson.com/,2025-05-04 13:20:45
Data Analyst,Pruitt Inc,Mumbai,2025-05-22,Mid Level,"Power BI, Tableau, Statistics",7,11,http://gates-holden.info/,2025-05-16 15:17:05
Data Analyst,"Murphy, Grant and Anderson",Mumbai,2025-05-11,Entry Level,"Power BI, Machine Learning, Statistics, Excel",5,6,https://www.lopez-reed.net/,2025-05-06 08:42:38
Data Scientist,Nguyen-Rice,Gurgaon,2025-04-28,Entry Level,"Machine Learning, Statistics, Python, Communication",5,6,https://www.harmon.info/,2025-05-18 16:06:46
BI Analyst,"Murphy, Grant and Anderson",Mumbai,2025-04-23,Entry Level,"Excel, Communication, Python, SQL",3,6,http://www.wade.com/,2025-05-12 13:25:40
ML Engineer,Bender PLC,Delhi,2025-05-17,Entry Level,"Python, Machine Learning, Tableau, Excel, Communication",5,6,http://valdez-ward.biz/,2025-05-20 11:22:44
Data Scientist,Nguyen-Rice,Mumbai,2025-04-25,Senior Level,"Tableau, Communication, SQL, Excel",23,24,https://www.byrd.biz/,2025-05-12 19:23:28
Data Scientist,Williams and Sons,Chennai,2025-04-23,Mid Level,"Statistics, Communication, Excel",8,9,https://www.cohen.com/,2025-05-04 12:49:03
Data Analyst,Hickman Group,Pune,2025-04-29,Mid Level,"Communication, Tableau, Machine Learning",11,12,http://clayton.biz/,2025-05-07 05:15:35
BI Analyst,Sweeney PLC,Bangalore,2025-05-02,Entry Level,"Python, Statistics, Excel, Tableau, SQL",5,6,https://berry.com/,2025-05-08 14:16:01
BI Analyst,"Payne, Smith and Meyers",Bangalore,2025-05-05,Entry Level,"Power BI, Machine Learning, Python",3,5,https://harrington.com/,2025-05-13 04:27:30
ML Engineer,Jordan LLC,Gurgaon,2025-05-16,Senior Level,"Excel, Statistics, SQL",23,24,https://www.rodriguez.com/,2025-05-08 04:26:37
BI Analyst,Lee-Yang,Delhi,2025-04-23,Mid Level,"Power BI, Excel, SQL, Python, Communication",8,12,https://norton.org/,2025-05-15 03:41:53
Data Analyst,Wallace Ltd,Hyderabad,2025-05-18,Entry Level,"Power BI, SQL, Python, Statistics",4,6,https://bradley-phillips.info/,2025-05-01 16:06:32
BI Analyst,"Bass, West and Morgan",Chennai,2025-05-05,Senior Level,"Statistics, Machine Learning, Tableau, Excel",24,25,https://www.campbell-salinas.net/,2025-05-10 16:11:12
Data Analyst,"Lloyd, Hoffman and Hill",Chennai,2025-05-19,Entry Level,"Statistics, Excel, Machine Learning",4,5,http://krause.com/,2025-05-06 11:59:06
ML Engineer,Hayden and Sons,Mumbai,2025-04-30,Entry Level,"Python, Machine Learning, Power BI, Communication",5,6,https://www.white-dean.com/,2025-05-19 15:41:03
Data Engineer,Nelson-Parker,Hyderabad,2025-05-16,Entry Level,"Machine Learning, Communication, Python, Excel",3,6,http://harrell.com/,2025-05-16 10:17:18
Data Engineer,Carter-Castro,Gurgaon,2025-04-23,Entry Level,"Excel, SQL, Power BI, Machine Learning, Statistics",5,6,https://mcintyre.net/,2025-05-02 21:01:43
Data Engineer,"Rivera, Gardner and Bradley",Chennai,2025-05-17,Entry Level,"Power BI, Communication, Tableau, Machine Learning",3,5,http://www.marshall.com/,2025-05-23 10:29:02
Analytics Intern,Barnes-Leblanc,Remote,2025-05-15,Internship,"Power BI, Tableau, Communication, SQL, Python",1,2,https://www.griffin.org/,2025-05-17 05:44:24
ML Engineer,Bryant-Bush,Pune,2025-05-21,Entry Level,"Power BI, Statistics, SQL, Machine Learning",3,6,http://www.jones.com/,2025-05-15 11:03:28
Data Analyst,Wolfe-Allison,Hyderabad,2025-05-10,Senior Level,"Statistics, Machine Learning, Tableau, SQL",21,22,http://riley.org/,2025-05-04 15:55:17
Analytics Intern,"Martin, Thompson and Barnes",Gurgaon,2025-04-25,Internship,"Excel, Machine Learning, Statistics",1,2,https://www.roman.com/,2025-05-17 10:23:53
Data Analyst,"Cole, Simpson and Barber",Mumbai,2025-05-22,Mid Level,"Communication, Python, Tableau, SQL, Statistics",7,9,http://www.white.biz/,2025-05-01 19:52:10
BI Analyst,Stevenson PLC,Remote,2025-05-03,Mid Level,"Statistics, Communication, Tableau, Power BI",10,12,https://miranda.com/,2025-05-21 13:07:40
Data Scientist,Underwood-Morgan,Remote,2025-05-22,Entry Level,"Communication, Machine Learning, SQL, Excel",3,6,https://www.rocha-brown.com/,2025-05-04 16:40:40
BI Analyst,Jones Inc,Chennai,2025-04-28,Entry Level,"SQL, Communication, Statistics, Machine Learning, Power BI",4,6,https://www.goodwin-waters.com/,2025-05-06 13:29:49
Analytics Intern,Daniel-Cherry,Hyderabad,2025-04-23,Internship,"Machine Learning, Tableau, Power BI, Communication",1,2,http://www.hayes.com/,2025-05-21 22:27:55
Data Analyst,Tate Inc,Gurgaon,2025-05-05,Entry Level,"Statistics, Power BI, Python, Excel, Tableau",5,6,https://www.osborne-jenkins.net/,2025-05-12 14:48:03
BI Analyst,Richardson-Santos,Hyderabad,2025-04-24,Entry Level,"Python, Power BI, Excel, Statistics",4,6,http://www.velez-johnson.info/,2025-05-17 21:23:25
Analytics Intern,Watson-Fox,Remote,2025-05-03,Internship,"Python, Communication, Machine Learning, Power BI",1,2,https://peck.org/,2025-05-16 11:59:43
Data Scientist,Huffman-Hill,Delhi,2025-05-12,Entry Level,"Communication, Excel, Statistics",4,6,https://www.little-jones.biz/,2025-05-08 10:20:02
BI Analyst,Brown-Hensley,Gurgaon,2025-05-07,Entry Level,"Python, Excel, SQL",3,5,http://www.reese.com/,2025-05-01 02:18:05
Analytics Intern,Saunders and Sons,Bangalore,2025-05-11,Internship,"Python, Tableau, SQL",1,2,http://www.lawrence.com/,2025-05-21 01:15:14
Data Scientist,"Payne, Smith and Meyers",Remote,2025-05-07,Mid Level,"Tableau, Statistics, Excel, SQL",10,11,https://www.rice.com/,2025-05-21 05:22:43
Data Engineer,Liu LLC,Mumbai,2025-05-12,Mid Level,"Python, Excel, Tableau",7,10,https://lee.com/,2025-05-15 03:53:40
Analytics Intern,Miller-Williams,Gurgaon,2025-05-12,Internship,"Power BI, Python, Machine Learning, Excel, Statistics",1,2,http://www.williams.info/,2025-05-18 07:51:44
Data Engineer,Wolfe-Allison,Pune,2025-05-21,Mid Level,"Machine Learning, Python, Power BI",11,12,https://valenzuela.org/,2025-05-23 03:02:48
BI Analyst,Campbell and Sons,Gurgaon,2025-05-07,Senior Level,"Excel, Power BI, SQL, Tableau, Communication",22,24,http://www.simmons.info/,2025-05-04 23:15:39
Data Engineer,Nelson-Parker,Remote,2025-05-09,Entry Level,"Power BI, Statistics, Python, Excel",5,6,https://www.griffin-jones.org/,2025-05-18 13:33:34
BI Analyst,Rogers-Branch,Remote,2025-05-09,Mid Level,"Python, Power BI, Excel, SQL",11,12,https://smith.net/,2025-05-14 03:05:05
BI Analyst,Ford LLC,Pune,2025-05-17,Mid Level,"Tableau, Communication, Python, Statistics, SQL",8,11,https://deleon.net/,2025-05-06 09:57:24
Data Analyst,Caldwell Ltd,Gurgaon,2025-05-05,Entry Level,"Communication, Power BI, Python, Machine Learning",3,6,http://morales.com/,2025-05-15 19:07:07
ML Engineer,"Robinson, Valencia and Smith",Gurgaon,2025-04-23,Mid Level,"Machine Learning, Power BI, Communication, Tableau",8,11,https://www.rivera.com/,2025-05-08 16:43:59
ML Engineer,Poole PLC,Remote,2025-05-17,Entry Level,"Power BI, Excel, Python",4,5,http://rowe-davis.com/,2025-05-08 12:11:46
Analytics Intern,Nelson-Parker,Delhi,2025-05-17,Internship,"Communication, Excel, Machine Learning, Tableau, Statistics",1,2,https://www.diaz.net/,2025-05-10 06:23:44
Data Analyst,Harris-Peterson,Chennai,2025-05-21,Entry Level,"Excel, Communication, Python",3,5,http://parker-estrada.info/,2025-05-01 12:41:21
Data Analyst,"Watkins, Robinson and Perkins",Chennai,2025-04-30,Mid Level,"Python, Tableau, Excel",7,11,https://todd.com/,2025-05-08 17:23:10
BI Analyst,"Phillips, Phillips and Phillips",Remote,2025-05-09,Entry Level,"SQL, Statistics, Python, Power BI",3,5,http://www.jimenez-miller.com/,2025-05-15 14:03:56
BI Analyst,Jones Inc,Bangalore,2025-05-20,Entry Level,"Power BI, Python, Tableau",5,6,http://www.vaughan-jackson.com/,2025-05-11 02:02:06
BI Analyst,Liu LLC,Hyderabad,2025-05-04,Mid Level,"Tableau, Statistics, Communication, Power BI",9,11,http://newman-parker.com/,2025-05-15 01:29:37
ML Engineer,"Rivera, Gardner and Bradley",Bangalore,2025-05-21,Mid Level,"Power BI, Excel, Machine Learning",11,12,http://jackson-shaw.com/,2025-05-22 01:06:38
Data Analyst,"Vaughn, Valencia and Sullivan",Hyderabad,2025-05-22,Entry Level,"Statistics, Power BI, Machine Learning",3,4,http://www.jimenez.info/,2025-05-21 04:22:31
Data Engineer,Wallace Ltd,Chennai,2025-04-23,Entry Level,"Communication, Python, Machine Learning, SQL, Excel",4,6,http://www.smith.com/,2025-05-05 03:31:20
Analytics Intern,Conley Group,Hyderabad,2025-05-22,Internship,"Power BI, Machine Learning, SQL, Excel, Statistics",1,2,https://salinas.com/,2025-05-02 01:51:15
Data Analyst,Adams Ltd,Delhi,2025-05-22,Mid Level,"SQL, Power BI, Machine Learning, Excel",10,12,http://www.dickerson.com/,2025-05-18 02:03:59
Analytics Intern,Dominguez-Clayton,Chennai,2025-04-30,Internship,"Python, Power BI, Machine Learning",1,2,https://www.myers.com/,2025-05-02 15:14:31
ML Engineer,Liu LLC,Chennai,2025-05-17,Entry Level,"Python, Statistics, Machine Learning, Excel, Communication",3,6,http://www.mahoney.com/,2025-05-21 13:49:53
Data Scientist,Wallace Ltd,Remote,2025-04-29,Senior Level,"Communication, Python, Power BI, Excel",14,24,http://farley.info/,2025-05-06 02:58:35
BI Analyst,"Bass, West and Morgan",Pune,2025-05-06,Mid Level,"Communication, Excel, Machine Learning, Power BI",7,10,https://www.smith.com/,2025-05-05 02:03:12
Data Engineer,Kirby PLC,Remote,2025-04-27,Entry Level,"Statistics, Communication, Tableau",4,6,https://parker-moore.com/,2025-05-21 15:43:39
Data Analyst,Lewis Ltd,Remote,2025-05-06,Entry Level,"Communication, Machine Learning, Power BI, Python",3,6,https://ray.com/,2025-05-14 22:50:28
Data Scientist,"Jones, Gutierrez and Shaffer",Delhi,2025-04-23,Senior Level,"SQL, Python, Machine Learning, Tableau",19,25,http://harrison-davis.com/,2025-05-17 17:20:48
Data Scientist,Williams-Bell,Delhi,2025-05-03,Entry Level,"SQL, Communication, Python, Power BI",3,6,http://www.richardson-munoz.com/,2025-05-18 20:16:48
Data Analyst,"Parker, Manning and Bell",Delhi,2025-05-12,Entry Level,"Tableau, Power BI, Statistics, Machine Learning, SQL",5,6,http://wright.com/,2025-05-05 15:18:49
BI Analyst,"Watkins, Robinson and Perkins",Delhi,2025-05-06,Entry Level,"Tableau, Statistics, Power BI",5,6,http://carpenter.info/,2025-05-16 23:29:50
ML Engineer,Herring-Whitney,Chennai,2025-05-08,Senior Level,"Communication, Statistics, SQL, Power BI, Tableau",16,21,https://mitchell.com/,2025-05-11 12:30:12
ML Engineer,"Bass, West and Morgan",Gurgaon,2025-04-23,Entry Level,"Power BI, Tableau, Communication, SQL, Machine Learning",4,5,http://gonzales-harrington.com/,2025-05-20 08:44:30
Data Analyst,Adkins-Moyer,Remote,2025-05-22,Mid Level,"Excel, Power BI, Python, SQL, Communication",9,11,http://www.dalton-myers.com/,2025-05-01 04:50:03
Data Analyst,Carson Inc,Mumbai,2025-05-18,Mid Level,"Excel, Power BI, Machine Learning, SQL, Python",9,10,http://ford-williams.com/,2025-05-04 23:48:08
BI Analyst,Nguyen-Rice,Pune,2025-04-26,Mid Level,"Machine Learning, Statistics, Communication",9,12,https://dominguez.com/,2025-05-08 21:29:40
Data Engineer,Miller-Williams,Pune,2025-05-22,Mid Level,"SQL, Communication, Machine Learning",9,12,http://bray.com/,2025-05-08 17:59:27
Analytics Intern,Bender PLC,Hyderabad,2025-04-25,Internship,"SQL, Power BI, Communication",1,2,http://harper.com/,2025-05-06 23:16:48
Analytics Intern,Lara-Conner,Bangalore,2025-05-19,Internship,"Tableau, Excel, Statistics",1,2,https://hamilton.com/,2025-05-11 22:35:52
BI Analyst,"Buchanan, Cuevas and Evans",Hyderabad,2025-05-01,Mid Level,"Excel, Python, Tableau",10,11,http://www.lynch-davis.org/,2025-05-19 02:42:14
BI Analyst,"Murphy, Grant and Anderson",Hyderabad,2025-04-25,Entry Level,"Communication, Machine Learning, Excel",5,6,http://www.flores.com/,2025-05-11 03:38:33
BI Analyst,Hernandez and Sons,Bangalore,2025-05-13,Senior Level,"Excel, Python, Power BI, Communication, Tableau",19,22,https://www.russo.com/,2025-05-22 13:53:26
Analytics Intern,Proctor-Evans,Chennai,2025-05-21,Internship,"Statistics, Communication, Power BI",1,2,https://brown-stevenson.biz/,2025-05-12 14:16:03
Data Analyst,Caldwell Ltd,Gurgaon,2025-05-07,Mid Level,"Tableau, Python, Machine Learning, Power BI, Excel",10,12,http://www.parsons.com/,2025-05-05 13:44:28
Data Analyst,"Rivera, Gardner and Bradley",Bangalore,2025-05-16,Senior Level,"Power BI, Tableau, Excel, SQL",23,25,http://morgan-hall.com/,2025-05-14 23:32:12
Analytics Intern,Harris-Peterson,Chennai,2025-05-04,Internship,"Python, Excel, Power BI, Communication, Statistics",1,2,https://www.howell.com/,2025-05-21 01:11:23
Analytics Intern,"Payne, Smith and Meyers",Mumbai,2025-04-30,Internship,"Statistics, SQL, Communication, Machine Learning, Excel",1,2,https://miller.biz/,2025-05-12 15:23:25
Data Engineer,Herring-Whitney,Chennai,2025-04-25,Senior Level,"Machine Learning, Statistics, Python, Power BI",16,24,https://calhoun.com/,2025-05-23 11:52:20
Data Analyst,"Buchanan, Cuevas and Evans",Hyderabad,2025-05-17,Senior Level,"Machine Learning, Python, Power BI, Statistics, Excel",23,25,http://www.powell-hoffman.com/,2025-05-13 03:45:59
Data Engineer,Mendez-Carter,Remote,2025-05-13,Entry Level,"Statistics, Communication, Machine Learning, Excel, Python",5,6,https://lowe-ford.org/,2025-05-03 10:28:00
Analytics Intern,Rojas-Hall,Remote,2025-04-29,Internship,"Power BI, Machine Learning, Python, Communication, Excel",1,2,http://www.macdonald.com/,2025-05-04 23:27:43
Analytics Intern,Gonzalez-Chang,Mumbai,2025-05-02,Internship,"Tableau, Power BI, Python",1,2,https://www.johnson-wilson.com/,2025-05-11 03:38:51
Data Analyst,Caldwell Ltd,Delhi,2025-04-27,Entry Level,"Excel, Power BI, Machine Learning, Python, Statistics",4,6,http://sanders-padilla.info/,2025-05-17 14:03:36
Data Engineer,Gonzalez-Chang,Chennai,2025-05-14,Entry Level,"Communication, SQL, Excel, Python",4,5,http://marshall.com/,2025-05-12 14:08:44
Analytics Intern,"Harrell, Thompson and Butler",Pune,2025-05-17,Internship,"Power BI, Python, Communication, Statistics",1,2,http://fox-hernandez.info/,2025-05-16 13:56:49
Analytics Intern,Ford LLC,Bangalore,2025-05-01,Internship,"Excel, Statistics, Tableau",1,2,http://terrell-cantu.com/,2025-05-06 09:18:00
Data Scientist,Saunders and Sons,Hyderabad,2025-05-05,Mid Level,"Python, Excel, SQL",7,10,http://smith.com/,2025-05-08 04:17:30
Data Scientist,Williams and Sons,Chennai,2025-05-20,Mid Level,"Excel, Python, Communication",6,12,http://simmons.com/,2025-05-11 11:26:04
Data Scientist,Conley Group,Pune,2025-05-11,Entry Level,"Statistics, Tableau, Python",4,5,http://www.rosales.com/,2025-05-10 00:05:56
Analytics Intern,Saunders and Sons,Remote,2025-05-03,Internship,"SQL, Power BI, Tableau, Communication, Python",1,2,https://www.scott-ward.org/,2025-05-21 01:36:35
Analytics Intern,Lewis Ltd,Chennai,2025-05-06,Internship,"Communication, Statistics, Power BI",1,2,http://www.wilson.biz/,2025-05-05 20:19:17
BI Analyst,Williams and Sons,Mumbai,2025-05-01,Entry Level,"Machine Learning, Tableau, SQL",4,5,http://www.mitchell.com/,2025-05-02 06:39:54
Data Analyst,"Payne, Smith and Meyers",Chennai,2025-05-08,Mid Level,"Tableau, Power BI, Communication, Machine Learning",10,12,https://www.armstrong.net/,2025-05-17 10:42:04
BI Analyst,Mcdaniel Inc,Mumbai,2025-05-15,Senior Level,"Power BI, Communication, Statistics, SQL, Machine Learning",22,25,https://reynolds.net/,2025-05-14 16:20:42
ML Engineer,Green Ltd,Gurgaon,2025-05-01,Entry Level,"Machine Learning, Communication, Excel, Statistics",3,5,http://webb.net/,2025-05-12 15:03:07
Data Scientist,Williams and Sons,Remote,2025-05-20,Entry Level,"SQL, Machine Learning, Statistics, Excel",3,4,https://www.dorsey.com/,2025-05-07 03:46:28
Data Scientist,Sweeney PLC,Bangalore,2025-05-07,Mid Level,"SQL, Power BI, Excel, Statistics, Python",10,12,http://mcgrath.com/,2025-05-13 00:15:57
ML Engineer,Pruitt Inc,Chennai,2025-05-18,Entry Level,"Communication, SQL, Python",5,6,https://reyes.com/,2025-05-22 17:14:36
ML Engineer,Sweeney PLC,Pune,2025-05-05,Entry Level,"Python, Tableau, Machine Learning, Excel",4,5,http://www.petersen-burnett.net/,2025-05-13 00:48:08
Data Analyst,Burke and Sons,Chennai,2025-04-27,Mid Level,"Python, SQL, Statistics, Tableau",8,11,https://hamilton.info/,2025-05-21 08:10:02
Analytics Intern,Dominguez-Clayton,Mumbai,2025-04-27,Internship,"Power BI, Communication, Statistics",1,2,https://spencer-morris.net/,2025-05-07 13:41:17
BI Analyst,Burke-Meza,Delhi,2025-05-15,Entry Level,"SQL, Python, Communication, Machine Learning, Statistics",5,6,https://delgado-mcdowell.org/,2025-05-20 22:28:43
Analytics Intern,"Black, Murray and Sullivan",Chennai,2025-05-18,Internship,"Communication, Power BI, Excel, SQL",1,2,http://edwards.com/,2025-05-10 07:42:55
Data Engineer,"Lloyd, Hoffman and Hill",Pune,2025-05-10,Entry Level,"Tableau, Python, SQL, Power BI, Statistics",4,6,https://anderson-taylor.com/,2025-05-21 01:41:11
Data Analyst,Tate Inc,Chennai,2025-05-16,Senior Level,"Tableau, Excel, Python, Machine Learning",24,25,http://www.burke-harding.org/,2025-05-16 11:59:23
BI Analyst,Underwood-Morgan,Gurgaon,2025-05-10,Entry Level,"Machine Learning, Python, Power BI, Statistics, Communication",4,5,https://shields.com/,2025-05-02 17:42:44
Data Analyst,Green Ltd,Mumbai,2025-05-11,Senior Level,"Statistics, Machine Learning, Communication, Power BI, Excel",21,25,https://cameron.biz/,2025-05-09 12:34:48
Data Analyst,Dominguez-Clayton,Bangalore,2025-05-12,Senior Level,"Machine Learning, Python, Power BI, Statistics",14,24,https://osborn-butler.org/,2025-05-13 19:26:37
Data Scientist,Hayden and Sons,Gurgaon,2025-05-17,Mid Level,"Machine Learning, SQL, Excel, Statistics, Python",9,11,https://arellano.com/,2025-05-22 23:28:00
Data Engineer,Mcmillan Group,Mumbai,2025-05-05,Mid Level,"Excel, SQL, Python, Statistics",7,10,http://www.rose.com/,2025-05-05 20:06:49
ML Engineer,Church Group,Delhi,2025-05-07,Mid Level,"Communication, Power BI, Tableau",11,12,http://nguyen-romero.com/,2025-05-05 18:09:23
Data Engineer,Graves-Cole,Pune,2025-05-05,Senior Level,"Communication, Python, Power BI",22,24,https://eaton.com/,2025-05-23 09:45:45
BI Analyst,Smith Inc,Chennai,2025-05-01,Mid Level,"SQL, Excel, Power BI, Machine Learning",10,11,http://www.wilson-sims.net/,2025-05-16 22:25:37
Data Analyst,Adams Ltd,Pune,2025-04-30,Senior Level,"Statistics, Power BI, Tableau",13,24,http://www.bailey.com/,2025-05-08 11:09:41
Data Engineer,"Randolph, Rivers and Richardson",Bangalore,2025-05-22,Entry Level,"Communication, Tableau, SQL, Python",5,6,https://callahan.com/,2025-05-02 06:35:50
BI Analyst,Campbell and Sons,Pune,2025-05-12,Senior Level,"Excel, Python, SQL, Power BI, Tableau",13,22,http://www.gonzalez-sutton.com/,2025-05-22 07:20:07
Data Engineer,"Young, Harding and Webb",Delhi,2025-04-29,Entry Level,"Machine Learning, Communication, Tableau, Python",4,6,http://www.pacheco.com/,2025-05-17 12:06:37
Analytics Intern,"Parker, Manning and Bell",Pune,2025-04-28,Internship,"Statistics, Excel, Communication",1,2,http://www.foster.com/,2025-05-11 16:00:44
Analytics Intern,Lewis Ltd,Delhi,2025-04-25,Internship,"Excel, Communication, Statistics, Power BI, SQL",1,2,https://www.fitzgerald-clark.com/,2025-05-05 06:08:58
Data Engineer,Williams-Bell,Mumbai,2025-05-06,Entry Level,"SQL, Machine Learning, Statistics",4,6,http://perez.com/,2025-05-23 08:24:53
BI Analyst,Bryant-Bush,Pune,2025-05-20,Entry Level,"Machine Learning, Statistics, Power BI",4,5,http://www.taylor.info/,2025-05-20 21:08:51
Data Scientist,"Robinson, Valencia and Smith",Delhi,2025-05-19,Entry Level,"Python, Machine Learning, Excel, Tableau, SQL",4,5,https://jimenez.com/,2025-05-20 07:12:54
Data Engineer,Miller-Williams,Delhi,2025-05-09,Entry Level,"Communication, Python, Power BI, Excel, SQL",5,6,http://bowman-orozco.org/,2025-05-07 10:35:01
BI Analyst,"Delgado, Caldwell and Weeks",Chennai,2025-04-28,Mid Level,"Power BI, Excel, Communication, SQL, Statistics",9,10,https://www.nunez.com/,2025-05-18 10:57:20
Analytics Intern,Smith-Scott,Remote,2025-05-21,Internship,"Statistics, SQL, Communication, Tableau",1,2,http://www.rivera-cherry.biz/,2025-05-04 21:25:03
Data Scientist,Hernandez and Sons,Bangalore,2025-05-20,Mid Level,"SQL, Excel, Python, Communication, Statistics",8,9,https://www.barrera.com/,2025-05-05 05:33:36
BI Analyst,Bryant-Bush,Delhi,2025-05-21,Senior Level,"Machine Learning, Python, Power BI, Statistics",13,17,https://www.rodriguez.org/,2025-05-12 03:59:48
BI Analyst,Herring-Whitney,Pune,2025-05-11,Entry Level,"Python, Excel, Communication",3,5,https://garcia.com/,2025-05-19 18:47:12
Analytics Intern,"Bradley, Silva and Herrera",Pune,2025-05-11,Internship,"Tableau, Statistics, Power BI",1,2,https://mason-baker.com/,2025-05-14 17:24:47
Analytics Intern,Stevenson PLC,Remote,2025-05-14,Internship,"Python, Excel, SQL",1,2,http://smith.com/,2025-05-11 18:03:40
Data Scientist,"Watkins, Robinson and Perkins",Gurgaon,2025-05-14,Entry Level,"SQL, Python, Communication, Power BI",4,5,http://www.rivera.com/,2025-05-15 06:11:15
Analytics Intern,"Murphy, Grant and Anderson",Remote,2025-05-03,Internship,"Python, Machine Learning, Tableau, Statistics",1,2,http://www.hill.info/,2025-05-03 21:00:38
Data Scientist,Williams LLC,Delhi,2025-05-12,Entry Level,"Power BI, Tableau, Communication, SQL",3,6,https://www.moore.com/,2025-05-01 12:39:41
Analytics Intern,Greene PLC,Mumbai,2025-05-13,Internship,"Python, Power BI, Statistics, Communication, Machine Learning",1,2,https://sutton.info/,2025-05-19 04:29:21
ML Engineer,Hernandez and Sons,Bangalore,2025-05-09,Entry Level,"SQL, Statistics, Tableau",3,5,https://www.love.com/,2025-05-03 09:57:54
Analytics Intern,"Cole, Simpson and Barber",Pune,2025-04-28,Internship,"Machine Learning, Statistics, Communication, SQL",1,2,https://garcia-anderson.com/,2025-05-08 04:39:15
Analytics Intern,Huffman-Hill,Remote,2025-05-05,Internship,"Communication, Python, Excel",1,2,http://jensen.info/,2025-05-02 21:42:03
Data Scientist,Wolfe-Allison,Hyderabad,2025-05-16,Senior Level,"Statistics, Communication, Tableau, Power BI, Excel",17,22,http://kelley.com/,2025-05-14 16:25:05
Data Analyst,"Cole, Simpson and Barber",Hyderabad,2025-04-28,Entry Level,"Tableau, Python, Excel, Power BI",3,6,http://murray-hunt.com/,2025-05-14 23:40:05
BI Analyst,Underwood-Morgan,Remote,2025-05-06,Senior Level,"Communication, Machine Learning, Power BI",18,21,https://www.werner-morton.com/,2025-05-03 00:57:29
ML Engineer,"Young, Harding and Webb",Chennai,2025-05-13,Senior Level,"Statistics, Tableau, SQL",23,25,https://www.smith-young.info/,2025-05-14 02:13:41
Data Engineer,Smith-Foster,Pune,2025-05-05,Entry Level,"Communication, Tableau, Machine Learning, Power BI",4,6,http://hurst.com/,2025-05-13 20:37:17
Data Scientist,Burns-Ray,Remote,2025-05-11,Entry Level,"Statistics, Excel, Machine Learning, Python",3,6,https://davenport-myers.org/,2025-05-07 08:23:48
Data Analyst,Greene PLC,Gurgaon,2025-05-22,Entry Level,"Excel, Statistics, Tableau",5,6,http://coleman.com/,2025-05-21 19:22:35
Analytics Intern,Carson Inc,Bangalore,2025-05-19,Internship,"Machine Learning, Excel, Power BI",1,2,https://www.barker-mclean.org/,2025-05-16 08:26:50
Data Engineer,Kirby PLC,Delhi,2025-05-03,Mid Level,"SQL, Tableau, Communication, Statistics",8,11,http://page.com/,2025-05-10 05:28:54
ML Engineer,"Lowe, Wilson and Ford",Pune,2025-05-15,Mid Level,"Excel, Power BI, Tableau",7,8,http://www.brown-boyer.net/,2025-05-06 02:44:31
BI Analyst,Sweeney PLC,Mumbai,2025-05-17,Entry Level,"Tableau, Machine Learning, Power BI",4,6,http://martin.com/,2025-05-15 21:11:07
Data Scientist,Mendez-Carter,Delhi,2025-05-21,Senior Level,"Communication, Python, Machine Learning, Excel, Tableau",19,21,https://simmons-parker.biz/,2025-05-07 15:44:21
Analytics Intern,Saunders and Sons,Chennai,2025-04-25,Internship,"Excel, Statistics, Communication, Tableau, SQL",1,2,https://kemp-williams.com/,2025-05-21 07:32:36
Data Analyst,Church Group,Delhi,2025-04-23,Entry Level,"Machine Learning, Power BI, Tableau, SQL",4,5,http://www.dean.biz/,2025-05-19 05:15:29
Data Engineer,Taylor LLC,Mumbai,2025-05-18,Entry Level,"Statistics, Communication, Power BI, Tableau, Python",5,6,https://davis-wilson.info/,2025-05-23 03:03:31
Data Scientist,Adkins-Moyer,Mumbai,2025-05-20,Entry Level,"Excel, Statistics, SQL",5,6,https://www.cole.com/,2025-05-01 22:03:04
BI Analyst,Herring-Whitney,Bangalore,2025-05-15,Senior Level,"Excel, SQL, Communication, Statistics",20,22,http://www.miller-rivera.com/,2025-05-10 01:04:18
ML Engineer,"Young, Harding and Webb",Chennai,2025-05-07,Senior Level,"Tableau, SQL, Machine Learning, Excel, Python",16,20,http://scott-salinas.net/,2025-05-12 15:52:23
Data Engineer,"Parker, Manning and Bell",Delhi,2025-05-01,Mid Level,"Machine Learning, Statistics, Tableau",10,11,https://wade.com/,2025-05-14 04:33:38
Data Analyst,Lee-Yang,Mumbai,2025-05-09,Entry Level,"Power BI, Statistics, Tableau, Communication, Python",5,6,http://www.reed.com/,2025-05-02 13:55:17
BI Analyst,Smith Inc,Chennai,2025-05-04,Mid Level,"Statistics, Excel, Power BI",8,12,https://www.malone-lee.info/,2025-05-09 03:10:48
Data Analyst,Burns-Ray,Bangalore,2025-05-07,Entry Level,"Power BI, Excel, Tableau, SQL",4,6,http://blake.com/,2025-05-05 02:11:51
ML Engineer,Williams LLC,Pune,2025-05-13,Mid Level,"Machine Learning, Tableau, Statistics",8,12,http://www.williams.com/,2025-05-14 22:03:49
Data Analyst,Adkins-Moyer,Hyderabad,2025-04-29,Entry Level,"Excel, Python, Statistics",4,6,https://www.wallace.org/,2025-05-17 17:39:31
ML Engineer,Hale-Massey,Gurgaon,2025-05-16,Entry Level,"Machine Learning, SQL, Statistics, Power BI, Tableau",3,5,http://phillips.info/,2025-05-09 01:34:00
BI Analyst,Carter-Castro,Remote,2025-05-07,Entry Level,"Power BI, Tableau, Excel",4,6,https://www.mason.com/,2025-05-16 02:40:48
Data Analyst,"Bray, Hawkins and Fowler",Chennai,2025-05-15,Entry Level,"Python, Statistics, Communication, Power BI",5,6,http://simmons.net/,2025-05-14 21:20:55
Data Scientist,Nguyen-Rice,Pune,2025-05-15,Mid Level,"Python, Tableau, Statistics, SQL",8,9,http://smith-shepherd.net/,2025-05-02 13:51:34
ML Engineer,"Watkins, Robinson and Perkins",Chennai,2025-05-02,Entry Level,"Tableau, Statistics, Communication, Machine Learning, Python",5,6,http://www.jefferson.net/,2025-05-20 09:07:55
Data Scientist,Mcdaniel Inc,Gurgaon,2025-05-08,Entry Level,"Power BI, Tableau, Statistics",4,6,http://www.lutz-clayton.com/,2025-05-22 04:36:40
BI Analyst,Herring-Whitney,Bangalore,2025-04-28,Entry Level,"Communication, Tableau, Power BI, SQL",3,6,http://www.schultz-williams.org/,2025-05-06 15:06:02
Data Engineer,Bryant-Bush,Delhi,2025-04-23,Entry Level,"Statistics, Tableau, Machine Learning",5,6,https://www.perez.com/,2025-05-15 22:54:57
ML Engineer,Conley Group,Pune,2025-05-14,Mid Level,"Tableau, Power BI, Python, Excel, Communication",10,12,https://spencer.com/,2025-05-11 19:50:19
Analytics Intern,"Lloyd, Hoffman and Hill",Gurgaon,2025-05-18,Internship,"Communication, Excel, Machine Learning, Tableau, SQL",1,2,https://www.joseph.info/,2025-05-08 21:26:45
Analytics Intern,"Bray, Hawkins and Fowler",Remote,2025-04-29,Internship,"Power BI, Python, Tableau",1,2,http://www.cervantes-henry.com/,2025-05-12 21:25:56
Analytics Intern,"Lloyd, Hoffman and Hill",Hyderabad,2025-05-07,Internship,"Statistics, SQL, Power BI, Communication",1,2,http://www.marsh.net/,2025-05-05 22:11:51
BI Analyst,Herring-Whitney,Remote,2025-05-10,Senior Level,"Excel, Tableau, SQL, Statistics, Communication",23,24,http://www.green.org/,2025-05-05 11:28:09
Analytics Intern,"Phillips, Phillips and Phillips",Gurgaon,2025-05-22,Internship,"Machine Learning, Tableau, Excel, Communication",1,2,http://www.curtis-wright.com/,2025-05-01 16:03:57
Data Engineer,"Phillips, Phillips and Phillips",Hyderabad,2025-05-02,Senior Level,"Power BI, Excel, Statistics, SQL",16,25,http://www.craig.com/,2025-05-17 18:27:49
Analytics Intern,Williams-Bell,Remote,2025-04-29,Internship,"Tableau, Excel, Python, Communication",1,2,https://norris.com/,2025-05-16 06:55:22
Analytics Intern,Williams and Sons,Gurgaon,2025-05-11,Internship,"Tableau, Python, Excel",1,2,http://www.gray-torres.com/,2025-05-11 22:18:29
Analytics Intern,"Black, Murray and Sullivan",Pune,2025-05-02,Internship,"Communication, SQL, Statistics, Tableau, Excel",1,2,https://www.craig-patterson.com/,2025-05-06 05:13:23
Data Engineer,"Martin, Thompson and Barnes",Chennai,2025-05-17,Entry Level,"Python, Machine Learning, Tableau",5,6,https://ray.com/,2025-05-04 17:59:50
Data Scientist,Mcmillan Group,Hyderabad,2025-05-04,Entry Level,"Communication, Python, Machine Learning, SQL, Statistics",4,6,https://leonard.com/,2025-05-11 02:35:15
Data Engineer,"Vaughn, Valencia and Sullivan",Gurgaon,2025-05-19,Mid Level,"Power BI, Statistics, Excel, Machine Learning, Tableau",9,11,https://boyer-wright.com/,2025-05-05 12:53:46
Analytics Intern,Adams Ltd,Mumbai,2025-05-18,Internship,"Statistics, Communication, SQL",1,2,https://www.rubio-davies.com/,2025-05-01 04:29:30
Data Analyst,"Lowe, Wilson and Ford",Remote,2025-04-27,Entry Level,"Python, Excel, Tableau",5,6,https://www.franco-thompson.com/,2025-05-21 03:51:55
Data Engineer,Campbell and Sons,Pune,2025-04-26,Entry Level,"Communication, Excel, SQL",5,6,http://www.zamora.com/,2025-05-16 06:38:15
Data Analyst,"Bass, West and Morgan",Delhi,2025-04-23,Mid Level,"Excel, Python, Machine Learning, Communication, Tableau",11,12,http://brown.org/,2025-05-10 06:09:25
Data Engineer,Baker LLC,Hyderabad,2025-05-06,Entry Level,"Machine Learning, Python, Power BI, Statistics",5,6,http://www.taylor.net/,2025-05-19 04:43:43
Data Scientist,Stevenson PLC,Remote,2025-04-26,Entry Level,"Statistics, SQL, Power BI, Excel",3,4,https://donaldson-fields.org/,2025-05-23 14:12:41
ML Engineer,Lara-Conner,Bangalore,2025-05-21,Entry Level,"SQL, Power BI, Excel",4,5,https://cook.biz/,2025-05-06 03:11:24
Data Scientist,Dominguez-Clayton,Chennai,2025-05-14,Mid Level,"Power BI, SQL, Statistics, Communication",11,12,https://cochran-pena.com/,2025-05-15 08:08:24
Data Scientist,Green Ltd,Pune,2025-04-29,Entry Level,"Power BI, Statistics, SQL, Tableau, Python",5,6,http://www.lara.info/,2025-05-11 07:42:53
Data Engineer,Graves-Cole,Pune,2025-05-02,Entry Level,"Power BI, Tableau, Statistics",5,6,http://www.lambert-ross.com/,2025-05-07 00:33:16
Data Scientist,Watson-Fox,Pune,2025-05-10,Senior Level,"Power BI, Machine Learning, Tableau, Communication, Python",19,20,https://www.gibson.com/,2025-05-14 06:42:40
Data Engineer,Graves-Cole,Bangalore,2025-05-20,Entry Level,"Python, Tableau, Power BI, Excel",5,6,http://www.gutierrez.net/,2025-05-06 15:34:05
Analytics Intern,Reed-Lane,Gurgaon,2025-05-15,Internship,"Power BI, Tableau, Python, Machine Learning, Communication",1,2,https://phillips.info/,2025-05-13 10:54:32
ML Engineer,"Martin, Thompson and Barnes",Mumbai,2025-04-30,Mid Level,"Python, Excel, Power BI, SQL",6,7,https://macdonald-ortiz.net/,2025-05-09 15:50:57
Data Scientist,Turner LLC,Gurgaon,2025-05-03,Entry Level,"Statistics, Python, Machine Learning, Tableau",4,6,https://harding.com/,2025-05-09 08:06:12
Data Scientist,"Bradley, Silva and Herrera",Pune,2025-05-14,Entry Level,"Excel, Machine Learning, SQL, Python, Tableau",5,6,https://www.jenkins.com/,2025-05-10 13:46:51
ML Engineer,Huffman-Hill,Gurgaon,2025-05-22,Mid Level,"Machine Learning, SQL, Excel, Statistics",7,9,http://www.hunt-martin.net/,2025-05-16 04:09:43
Analytics Intern,Murphy Group,Mumbai,2025-05-07,Internship,"Python, SQL, Statistics, Communication, Tableau",1,2,http://lopez-pham.com/,2025-05-17 12:13:32
Data Engineer,Kirby PLC,Remote,2025-05-08,Mid Level,"Python, Power BI, Statistics",11,12,https://www.johnson-clark.biz/,2025-05-04 03:51:42
Data Scientist,Williams and Sons,Hyderabad,2025-04-30,Mid Level,"Tableau, SQL, Machine Learning, Communication, Excel",6,8,http://phillips.biz/,2025-05-02 09:58:45
Data Engineer,Pruitt Inc,Pune,2025-04-24,Entry Level,"Power BI, Communication, Excel, Machine Learning, Python",3,6,http://carrillo.org/,2025-05-15 18:56:32
Data Engineer,Conley Group,Delhi,2025-05-21,Mid Level,"Python, Excel, Machine Learning, Power BI",9,12,https://www.gallegos.com/,2025-05-22 12:38:06
Data Engineer,Adkins-Moyer,Gurgaon,2025-05-20,Entry Level,"Communication, SQL, Statistics",4,6,https://mejia.com/,2025-05-22 11:09:43
ML Engineer,Williams-Bell,Delhi,2025-05-18,Senior Level,"Statistics, Tableau, Communication, SQL",12,21,https://www.tyler.com/,2025-05-04 15:14:25
BI Analyst,Rogers-Branch,Chennai,2025-05-09,Entry Level,"Machine Learning, Python, Tableau, SQL",5,6,http://johnston-sullivan.com/,2025-05-02 21:46:01
Data Analyst,"Jones, Gutierrez and Shaffer",Gurgaon,2025-04-27,Mid Level,"Power BI, Statistics, Tableau",10,11,https://rodriguez.com/,2025-05-05 23:46:40
Analytics Intern,Greene PLC,Hyderabad,2025-05-17,Internship,"Tableau, Python, SQL, Machine Learning",1,2,https://www.miller-ibarra.info/,2025-05-11 05:40:13
Analytics Intern,Mendez-Carter,Remote,2025-05-14,Internship,"Power BI, Tableau, Excel, Machine Learning",1,2,https://carter.com/,2025-05-06 08:39:49
BI Analyst,Huffman-Hill,Pune,2025-04-24,Entry Level,"SQL, Statistics, Machine Learning, Power BI",4,6,http://huynh.com/,2025-05-12 14:53:05
ML Engineer,Tate Inc,Pune,2025-04-26,Entry Level,"Excel, Python, Communication",3,6,https://www.henry-stewart.com/,2025-05-05 03:40:53
Data Engineer,Nelson-Juarez,Gurgaon,2025-05-08,Entry Level,"Statistics, Tableau, SQL",3,5,https://www.vazquez.com/,2025-05-01 14:16:06
BI Analyst,"Watkins, Robinson and Perkins",Pune,2025-04-28,Entry Level,"Excel, Machine Learning, Communication, SQL",4,6,http://www.hill.biz/,2025-05-20 04:25:59
Data Scientist,Hernandez-Oneill,Remote,2025-04-27,Entry Level,"Python, Statistics, Communication, Machine Learning, Tableau",5,6,https://www.jackson-bean.com/,2025-05-10 00:47:26
BI Analyst,Stevenson PLC,Hyderabad,2025-05-09,Entry Level,"Communication, Excel, Python",3,4,http://www.wright.net/,2025-05-21 09:49:36
Data Engineer,Mcmillan Group,Remote,2025-05-10,Mid Level,"Statistics, Python, Communication, Tableau, Excel",6,7,http://www.downs-harris.com/,2025-05-06 00:30:24
Data Engineer,Bender PLC,Bangalore,2025-05-17,Mid Level,"SQL, Python, Tableau",11,12,http://young-edwards.com/,2025-05-18 12:02:01
Data Scientist,Caldwell Ltd,Hyderabad,2025-05-07,Mid Level,"Statistics, Python, Excel, Power BI",8,11,http://www.matthews.biz/,2025-05-13 03:37:04
BI Analyst,"Rivera, Gardner and Bradley",Hyderabad,2025-05-22,Senior Level,"SQL, Machine Learning, Statistics, Python, Tableau",15,20,https://www.watkins-doyle.com/,2025-05-19 00:50:12
BI Analyst,Miller-Williams,Gurgaon,2025-04-27,Mid Level,"Excel, Python, Power BI",6,12,http://www.moore.com/,2025-05-22 13:11:08
BI Analyst,"Parker, Manning and Bell",Pune,2025-04-28,Mid Level,"Power BI, SQL, Machine Learning",6,11,http://www.green-valdez.info/,2025-05-08 12:07:37
Data Engineer,Wallace Ltd,Chennai,2025-05-07,Entry Level,"Python, SQL, Excel, Communication",3,6,https://rios.com/,2025-05-19 02:44:28
Data Scientist,Conley Group,Delhi,2025-04-29,Mid Level,"Tableau, SQL, Communication",11,12,http://www.blair.info/,2025-05-06 03:00:19
Data Scientist,"Rivera, Gardner and Bradley",Gurgaon,2025-05-01,Mid Level,"Excel, Statistics, Machine Learning, Python",10,12,http://harding-moore.com/,2025-05-22 20:12:58
Data Engineer,Underwood-Morgan,Pune,2025-04-29,Entry Level,"Machine Learning, Tableau, Statistics",4,5,https://www.lamb.biz/,2025-05-16 02:35:02
Data Engineer,"Lowe, Wilson and Ford",Pune,2025-05-09,Entry Level,"Power BI, Excel, Tableau, Communication",4,6,https://www.nelson.com/,2025-05-21 12:45:42
BI Analyst,Burke and Sons,Gurgaon,2025-05-16,Entry Level,"SQL, Python, Excel",5,6,http://www.jennings.com/,2025-05-18 06:51:06
Data Scientist,Miller-Williams,Delhi,2025-04-24,Mid Level,"SQL, Python, Excel",8,11,http://www.garcia.biz/,2025-05-03 22:56:59
BI Analyst,Alvarado-Carey,Chennai,2025-04-28,Entry Level,"Communication, Tableau, Statistics, Machine Learning",3,4,https://harris-brown.com/,2025-05-06 20:16:03
BI Analyst,Campbell and Sons,Bangalore,2025-05-15,Entry Level,"Machine Learning, Statistics, Power BI, Python, Excel",5,6,https://wilson.org/,2025-05-08 22:52:52
BI Analyst,Hale-Massey,Mumbai,2025-05-09,Mid Level,"Excel, Machine Learning, Power BI, SQL, Tableau",10,11,https://www.cardenas-hansen.biz/,2025-05-01 06:59:30
ML Engineer,Lara-Conner,Chennai,2025-05-14,Entry Level,"Tableau, Power BI, Excel, Statistics",3,4,https://berry.info/,2025-05-05 08:01:41
Data Analyst,Alvarado-Carey,Chennai,2025-05-06,Senior Level,"Power BI, Communication, Python, SQL, Excel",23,25,https://www.nolan.info/,2025-05-03 01:31:59
Data Analyst,"Lowe, Wilson and Ford",Pune,2025-05-19,Senior Level,"Communication, Excel, Power BI, Tableau",18,25,https://www.webster-robinson.com/,2025-05-10 19:48:58
Data Scientist,Lara-Conner,Pune,2025-05-17,Mid Level,"Machine Learning, SQL, Power BI, Excel",11,12,https://kim-stafford.info/,2025-05-01 04:53:54
ML Engineer,"Randolph, Rivers and Richardson",Remote,2025-05-06,Senior Level,"Statistics, Excel, Power BI, Communication",24,25,http://www.gilmore-taylor.com/,2025-05-21 22:35:41
Data Analyst,"Rivera, Gardner and Bradley",Hyderabad,2025-04-29,Mid Level,"Python, Machine Learning, Power BI, SQL, Statistics",10,11,http://rose.com/,2025-05-02 11:00:49
ML Engineer,Burns-Ray,Mumbai,2025-05-12,Senior Level,"Communication, SQL, Machine Learning, Excel, Statistics",24,25,http://www.english.com/,2025-05-17 13:42:20
ML Engineer,Lewis Ltd,Delhi,2025-05-04,Mid Level,"Communication, Tableau, Power BI, Statistics",9,10,https://martinez.info/,2025-05-11 13:04:20
Data Engineer,Burns-Ray,Gurgaon,2025-05-07,Mid Level,"Power BI, Machine Learning, Statistics",8,9,https://neal.com/,2025-05-16 05:40:17
ML Engineer,Watson-Fox,Bangalore,2025-05-09,Mid Level,"Statistics, Python, Communication, Machine Learning",11,12,http://johnson.com/,2025-05-23 05:24:19
ML Engineer,"Robinson, Valencia and Smith",Hyderabad,2025-05-11,Entry Level,"Excel, Communication, Python, Power BI, Machine Learning",4,6,https://mckinney.net/,2025-05-12 15:00:11
ML Engineer,Richardson-Santos,Mumbai,2025-05-14,Entry Level,"Tableau, Excel, Power BI, SQL",5,6,http://www.mitchell.com/,2025-05-08 04:49:00
Data Engineer,"Phillips, Phillips and Phillips",Pune,2025-05-12,Entry Level,"SQL, Excel, Python, Machine Learning",4,6,https://www.andrews.com/,2025-05-12 06:25:49
Data Analyst,Burke-Meza,Mumbai,2025-05-12,Mid Level,"Excel, Tableau, SQL, Communication, Power BI",7,9,http://butler.com/,2025-05-01 20:35:57
BI Analyst,Rojas-Hall,Gurgaon,2025-04-28,Mid Level,"Python, Machine Learning, Tableau, SQL",7,11,https://www.perkins.com/,2025-05-04 06:34:12
BI Analyst,Conley Group,Gurgaon,2025-04-23,Entry Level,"Tableau, Statistics, Machine Learning",5,6,http://hahn.com/,2025-05-11 15:46:22
Data Analyst,Smith-Scott,Mumbai,2025-05-21,Mid Level,"Machine Learning, SQL, Power BI, Python",10,11,http://www.carter.com/,2025-05-11 12:31:40
ML Engineer,Greene PLC,Remote,2025-04-29,Mid Level,"Statistics, Tableau, Power BI, Communication, Python",11,12,https://brady.com/,2025-05-21 19:08:13
ML Engineer,Poole PLC,Remote,2025-04-26,Mid Level,"SQL, Machine Learning, Communication, Excel, Python",11,12,http://johnson-bell.com/,2025-05-09 05:22:34
Data Scientist,Carter-Castro,Mumbai,2025-04-25,Entry Level,"Statistics, Power BI, Tableau, SQL, Communication",5,6,https://singleton-gonzalez.org/,2025-05-02 04:03:49
BI Analyst,Burke and Sons,Remote,2025-05-03,Mid Level,"Excel, Power BI, Communication, SQL, Tableau",11,12,https://mccormick-mcconnell.info/,2025-05-03 12:06:02
ML Engineer,Graves-Cole,Bangalore,2025-05-17,Senior Level,"Power BI, Statistics, Communication",12,20,https://walker-martin.com/,2025-05-08 01:58:03
Data Engineer,Herring-Whitney,Remote,2025-05-08,Entry Level,"Communication, Power BI, SQL, Python, Tableau",4,6,https://cannon.net/,2025-05-19 09:20:45
Data Scientist,Smith-Foster,Bangalore,2025-04-24,Entry Level,"Communication, Tableau, Machine Learning",5,6,http://miller.biz/,2025-05-22 02:36:52
BI Analyst,"Watkins, Robinson and Perkins",Mumbai,2025-04-29,Mid Level,"Python, Statistics, Machine Learning, Power BI, SQL",8,11,http://anderson.net/,2025-05-14 12:51:44
BI Analyst,Campbell and Sons,Hyderabad,2025-05-08,Entry Level,"Machine Learning, Statistics, Python, Power BI",3,5,http://www.burton.com/,2025-05-17 16:10:55
Data Analyst,Jordan LLC,Hyderabad,2025-05-17,Entry Level,"Statistics, SQL, Tableau, Communication, Machine Learning",5,6,http://www.maxwell-juarez.com/,2025-05-18 10:26:07
Data Scientist,Adams Ltd,Pune,2025-05-08,Mid Level,"Tableau, Excel, Communication, Statistics",10,11,https://gonzales.com/,2025-05-11 17:07:19
Data Engineer,Baker LLC,Mumbai,2025-05-07,Entry Level,"Excel, Machine Learning, SQL, Statistics",4,5,https://www.miller.com/,2025-05-11 05:15:35
Data Scientist,Williams LLC,Pune,2025-05-05,Senior Level,"Excel, Tableau, Machine Learning, Communication",24,25,http://www.munoz.org/,2025-05-09 18:19:56
Analytics Intern,Richardson-Santos,Gurgaon,2025-04-29,Internship,"SQL, Power BI, Tableau, Excel, Machine Learning",1,2,http://www.davis.com/,2025-05-18 10:43:03
BI Analyst,"Cox, Johnson and Davidson",Pune,2025-05-14,Mid Level,"Communication, Machine Learning, Statistics, Excel, Python",11,12,http://rodriguez.com/,2025-05-13 21:37:46
Data Engineer,"Lowe, Wilson and Ford",Hyderabad,2025-05-17,Senior Level,"Machine Learning, Statistics, Excel, Communication",15,23,https://www.parks-smith.org/,2025-05-11 12:31:42
Data Engineer,Smith-Scott,Delhi,2025-05-13,Mid Level,"Python, Communication, Statistics, Power BI, Machine Learning",9,11,http://shields-woods.com/,2025-05-18 10:29:36
Data Analyst,"Vaughn, Valencia and Sullivan",Remote,2025-05-08,Entry Level,"Excel, Machine Learning, Communication, SQL, Statistics",4,5,https://www.villegas-baker.biz/,2025-05-23 07:48:31
Data Analyst,"Bradley, Silva and Herrera",Pune,2025-05-10,Entry Level,"Statistics, Machine Learning, Excel",4,5,http://www.miller-gonzalez.net/,2025-05-15 10:51:33
Analytics Intern,"Martin, Thompson and Barnes",Hyderabad,2025-05-19,Internship,"SQL, Python, Communication, Power BI, Statistics",1,2,http://www.palmer.com/,2025-05-03 04:02:51
Data Scientist,Conley Group,Hyderabad,2025-04-23,Mid Level,"Machine Learning, Statistics, Python",9,10,http://harvey-hall.org/,2025-05-20 03:01:13
BI Analyst,Burns-Ray,Delhi,2025-05-01,Entry Level,"SQL, Python, Excel",3,5,https://www.esparza.info/,2025-05-02 19:57:39
ML Engineer,Lara-Conner,Delhi,2025-05-10,Entry Level,"Excel, Python, Tableau, Machine Learning, Statistics",3,6,http://www.thomas.com/,2025-05-09 07:26:12
Data Engineer,"Bradley, Silva and Herrera",Delhi,2025-05-21,Entry Level,"Excel, Power BI, Tableau, Statistics, SQL",5,6,https://www.roberts.org/,2025-05-18 12:06:53
Data Analyst,Mcdaniel Inc,Delhi,2025-05-05,Mid Level,"Statistics, Excel, SQL, Machine Learning",10,12,https://hull.com/,2025-05-04 06:06:57
ML Engineer,"Parker, Manning and Bell",Mumbai,2025-04-28,Entry Level,"Python, Statistics, Machine Learning, Excel, SQL",5,6,https://johnson-lee.com/,2025-05-09 19:54:02
Data Engineer,Liu LLC,Hyderabad,2025-04-30,Mid Level,"Communication, Power BI, Python",8,9,https://www.smith-gilmore.info/,2025-05-16 05:00:29
Data Scientist,Kelly and Sons,Mumbai,2025-05-19,Mid Level,"Excel, Power BI, Tableau, Statistics",6,9,http://www.anderson-campbell.com/,2025-05-13 00:24:32
ML Engineer,Williams and Sons,Delhi,2025-05-05,Mid Level,"SQL, Python, Excel, Communication, Statistics",6,7,https://www.brown.biz/,2025-05-15 20:58:24
Data Analyst,"Lowe, Wilson and Ford",Chennai,2025-05-08,Mid Level,"Statistics, Python, Machine Learning, Tableau",10,12,https://prince-garza.com/,2025-05-09 04:16:42
Data Engineer,"Delgado, Caldwell and Weeks",Delhi,2025-04-23,Entry Level,"Power BI, Statistics, SQL, Tableau, Excel",4,5,http://orr.com/,2025-05-06 02:30:21
BI Analyst,Conley Group,Mumbai,2025-05-11,Entry Level,"Power BI, Python, Communication",4,5,https://white.com/,2025-05-09 01:13:17
Data Analyst,Green Ltd,Bangalore,2025-05-07,Entry Level,"Python, Machine Learning, SQL",5,6,https://sosa-lloyd.biz/,2025-05-13 06:22:05
Analytics Intern,Powell-Nunez,Delhi,2025-04-26,Internship,"Tableau, SQL, Excel, Statistics, Machine Learning",1,2,https://wilson.com/,2025-05-20 19:13:09
Analytics Intern,Mendez-Carter,Bangalore,2025-05-07,Internship,"SQL, Excel, Machine Learning, Tableau",1,2,http://skinner-torres.com/,2025-05-18 19:31:39
Analytics Intern,Jones Inc,Remote,2025-04-23,Internship,"Communication, Statistics, Tableau",1,2,http://www.coleman-barnes.com/,2025-05-17 10:11:23
Data Scientist,"Harrell, Thompson and Butler",Delhi,2025-05-10,Entry Level,"SQL, Communication, Machine Learning, Tableau, Python",3,6,https://reed.net/,2025-05-02 04:28:44
Data Analyst,Powell-Nunez,Hyderabad,2025-05-02,Entry Level,"Excel, Statistics, Python",4,6,http://butler.org/,2025-05-11 16:07:54
Data Engineer,Williams LLC,Gurgaon,2025-05-09,Entry Level,"Machine Learning, Excel, Python, Tableau, Statistics",3,5,http://www.day.info/,2025-05-07 01:50:53
Data Analyst,Herring-Whitney,Bangalore,2025-05-19,Entry Level,"SQL, Power BI, Excel, Machine Learning",5,6,https://www.salas.biz/,2025-05-04 02:57:41
ML Engineer,Taylor LLC,Remote,2025-04-26,Entry Level,"Tableau, Machine Learning, Communication, SQL, Power BI",3,5,https://brown-bryant.com/,2025-05-14 06:05:17
ML Engineer,Conley Group,Remote,2025-04-23,Senior Level,"Power BI, SQL, Python, Communication, Machine Learning",24,25,https://gallagher-delacruz.com/,2025-05-01 19:34:48
Data Scientist,Williams and Sons,Pune,2025-04-26,Mid Level,"Python, Statistics, Machine Learning, Power BI",11,12,https://www.wilson.org/,2025-05-02 09:25:22
Analytics Intern,Jones-Roth,Chennai,2025-05-16,Internship,"Power BI, Communication, Statistics, Python, SQL",1,2,http://www.wheeler-nelson.org/,2025-05-06 15:38:15
Analytics Intern,Brown-Hensley,Mumbai,2025-04-26,Internship,"Statistics, Machine Learning, Excel, Power BI, Python",1,2,https://www.lara.org/,2025-05-03 11:34:02
Data Engineer,Mcdaniel Inc,Delhi,2025-04-23,Mid Level,"Python, Power BI, Machine Learning, SQL, Tableau",9,10,http://www.aguilar-little.info/,2025-05-03 09:47:03
ML Engineer,Nguyen-Rice,Pune,2025-04-29,Senior Level,"Machine Learning, Excel, Power BI, Statistics, SQL",18,24,https://www.mitchell.net/,2025-05-04 20:40:27
Data Analyst,Church Group,Delhi,2025-05-20,Mid Level,"SQL, Communication, Power BI",10,11,https://pope-ross.com/,2025-05-18 02:22:54
BI Analyst,Adkins-Moyer,Gurgaon,2025-05-08,Entry Level,"Tableau, Power BI, Excel, Python",4,5,https://www.hall.com/,2025-05-09 21:43:37
Data Analyst,"Vaughn, Valencia and Sullivan",Chennai,2025-04-28,Senior Level,"Machine Learning, SQL, Python",23,24,https://www.dickerson.info/,2025-05-03 06:44:24
Analytics Intern,Rogers-Branch,Pune,2025-04-29,Internship,"Tableau, Excel, SQL, Python, Power BI",1,2,http://www.perkins-parks.com/,2025-05-21 03:13:56
BI Analyst,Sweeney PLC,Hyderabad,2025-05-14,Entry Level,"Python, Communication, SQL",3,4,https://www.harris.biz/,2025-05-07 18:04:41
Data Scientist,Church Group,Gurgaon,2025-05-17,Entry Level,"Tableau, Statistics, Python, Machine Learning, Communication",5,6,https://www.lee.com/,2025-05-07 08:33:51
Data Scientist,"Parker, Manning and Bell",Remote,2025-05-12,Senior Level,"Python, Power BI, Communication",13,19,https://www.roberts.net/,2025-05-11 23:45:59
Data Scientist,Smith-Scott,Gurgaon,2025-05-10,Senior Level,"Statistics, Machine Learning, Power BI",18,22,https://mclean.com/,2025-05-14 05:13:40
Data Scientist,Poole PLC,Hyderabad,2025-05-15,Senior Level,"Excel, Python, Tableau, Machine Learning",16,21,http://nguyen.com/,2025-05-01 14:08:09
Data Engineer,Rogers-Branch,Chennai,2025-05-16,Entry Level,"SQL, Excel, Power BI",5,6,http://www.lamb.com/,2025-05-15 03:45:25
Data Scientist,Richardson-Santos,Hyderabad,2025-05-03,Mid Level,"Python, Power BI, Machine Learning, Excel, Statistics",10,11,https://burns.com/,2025-05-19 13:37:51
Data Engineer,"Cox, Johnson and Davidson",Pune,2025-04-23,Senior Level,"Tableau, SQL, Python, Excel",20,23,https://york.net/,2025-05-07 07:10:31
Data Engineer,"Robinson, Valencia and Smith",Bangalore,2025-05-06,Senior Level,"Communication, Tableau, Excel",24,25,http://www.mitchell.info/,2025-05-11 14:19:40
Data Engineer,Rojas-Hall,Delhi,2025-04-24,Entry Level,"Python, Statistics, SQL, Tableau",5,6,https://lowery.biz/,2025-05-12 17:44:24
BI Analyst,Poole PLC,Delhi,2025-04-26,Entry Level,"Machine Learning, Tableau, Python, Excel, SQL",5,6,https://www.lewis.com/,2025-05-18 09:47:58
Data Engineer,Harris-Peterson,Remote,2025-05-09,Mid Level,"SQL, Python, Communication",7,11,https://hernandez.com/,2025-05-11 13:56:43
Data Engineer,"Robinson, Valencia and Smith",Bangalore,2025-04-26,Mid Level,"Power BI, Statistics, SQL, Excel, Machine Learning",6,9,http://maldonado.com/,2025-05-18 15:18:41
ML Engineer,Adams Ltd,Bangalore,2025-05-19,Entry Level,"Machine Learning, Python, Excel",5,6,http://www.ramirez.com/,2025-05-22 23:17:10
Analytics Intern,Lewis Ltd,Gurgaon,2025-05-04,Internship,"Machine Learning, SQL, Statistics, Power BI",1,2,http://www.wong.com/,2025-05-10 14:45:13
Analytics Intern,"Cox, Johnson and Davidson",Pune,2025-04-27,Internship,"Excel, Power BI, Communication",1,2,http://ward-everett.org/,2025-05-02 01:24:07
Analytics Intern,Burns-Ray,Chennai,2025-05-13,Internship,"Python, Machine Learning, Tableau, Power BI, Communication",1,2,https://hartman.info/,2025-05-11 04:55:24
Data Scientist,Liu LLC,Pune,2025-05-13,Senior Level,"SQL, Power BI, Communication, Excel, Python",21,23,http://www.peterson.com/,2025-05-04 19:47:49
Data Scientist,Rasmussen-Wood,Pune,2025-05-15,Entry Level,"Machine Learning, Power BI, Python, Excel, SQL",3,6,http://www.duke.biz/,2025-05-15 00:55:00
Data Scientist,Burns-Ray,Mumbai,2025-05-09,Entry Level,"Python, Power BI, Statistics",3,6,http://www.bennett-cooper.com/,2025-05-09 06:37:34
Analytics Intern,Richardson-Santos,Delhi,2025-04-27,Internship,"Machine Learning, Tableau, Power BI, Python",1,2,http://bennett.biz/,2025-05-01 18:39:30
BI Analyst,Smith-Scott,Hyderabad,2025-05-21,Entry Level,"Python, Excel, Statistics, Communication",3,4,http://www.johnson.biz/,2025-05-23 09:35:59
Data Analyst,Burke-Meza,Delhi,2025-04-25,Senior Level,"SQL, Excel, Tableau, Machine Learning, Power BI",14,16,https://gill.net/,2025-05-09 18:56:12
Analytics Intern,Lee-Yang,Gurgaon,2025-05-12,Internship,"Python, Communication, Excel",1,2,http://anderson-ward.com/,2025-05-14 17:36:13
Data Scientist,Harris-Peterson,Gurgaon,2025-05-14,Mid Level,"Tableau, Excel, SQL, Python, Communication",11,12,http://walker-hayes.com/,2025-05-22 11:20:19
BI Analyst,Smith-Scott,Remote,2025-05-08,Entry Level,"SQL, Excel, Machine Learning, Tableau",4,5,http://www.rich.com/,2025-05-05 04:20:14
BI Analyst,Church Group,Mumbai,2025-05-19,Entry Level,"SQL, Power BI, Python, Excel",3,6,https://www.woods-morris.com/,2025-05-12 16:32:37
BI Analyst,Wallace Ltd,Remote,2025-05-06,Senior Level,"Statistics, SQL, Excel, Power BI, Machine Learning",16,18,http://www.yates.org/,2025-05-17 03:26:34
Data Scientist,Graves-Cole,Bangalore,2025-05-08,Entry Level,"Tableau, Communication, Python",4,6,https://www.richardson.com/,2025-05-17 15:11:24
Data Scientist,"Cole, Simpson and Barber",Mumbai,2025-05-04,Entry Level,"Power BI, Tableau, Python, Communication, Statistics",4,6,http://alvarez-price.com/,2025-05-13 12:30:22
Data Engineer,Williams and Sons,Remote,2025-05-10,Mid Level,"SQL, Power BI, Machine Learning, Python",7,11,https://www.jones-cisneros.com/,2025-05-03 18:55:52
Data Engineer,Smith-Scott,Delhi,2025-05-06,Entry Level,"Power BI, Statistics, SQL",4,5,https://chavez-murray.com/,2025-05-02 08:21:56
Data Scientist,Wolfe-Allison,Gurgaon,2025-05-21,Entry Level,"Excel, Statistics, Tableau",5,6,https://rodriguez-morton.info/,2025-05-10 01:01:53
ML Engineer,Adkins-Moyer,Mumbai,2025-05-21,Entry Level,"Machine Learning, Statistics, Excel, Tableau, Power BI",5,6,https://www.garcia.biz/,2025-05-05 01:49:34
Data Analyst,"Martin, Thompson and Barnes",Gurgaon,2025-05-12,Entry Level,"SQL, Python, Tableau, Statistics, Excel",3,4,https://www.elliott.org/,2025-05-19 22:46:27
Data Engineer,Rasmussen-Wood,Gurgaon,2025-05-22,Entry Level,"Communication, Python, SQL, Excel, Power BI",5,6,http://carey-patel.com/,2025-05-20 02:46:26
Data Scientist,"Murphy, Grant and Anderson",Gurgaon,2025-04-30,Entry Level,"Communication, Excel, Statistics",4,5,https://jones-steele.com/,2025-05-03 12:15:37
Data Analyst,Burke-Meza,Chennai,2025-04-29,Entry Level,"Excel, Communication, Machine Learning",4,5,http://www.davis-romero.com/,2025-05-12 04:20:13
BI Analyst,Jordan LLC,Pune,2025-05-07,Entry Level,"Communication, SQL, Power BI",4,5,http://wright-le.biz/,2025-05-18 21:59:16
Analytics Intern,"Cox, Johnson and Davidson",Pune,2025-05-08,Internship,"Tableau, Machine Learning, Communication",1,2,https://ramos-garcia.biz/,2025-05-11 16:00:44
BI Analyst,Stevenson PLC,Bangalore,2025-05-06,Entry Level,"Python, Power BI, Communication",3,4,http://black.com/,2025-05-18 11:51:51
ML Engineer,Williams-Bell,Hyderabad,2025-05-03,Entry Level,"SQL, Machine Learning, Python, Communication, Excel",4,6,http://www.mcdowell.com/,2025-05-17 07:55:23
BI Analyst,Pruitt Inc,Remote,2025-05-14,Entry Level,"Excel, Statistics, Communication, Python",4,6,https://www.michael.com/,2025-05-22 02:00:48
ML Engineer,Lee-Yang,Gurgaon,2025-04-23,Entry Level,"Power BI, Machine Learning, SQL",5,6,https://williams-evans.biz/,2025-05-05 18:26:10
ML Engineer,"Bradley, Silva and Herrera",Gurgaon,2025-04-26,Mid Level,"Excel, Machine Learning, SQL, Tableau",11,12,http://thompson-foster.com/,2025-05-17 12:06:45
Data Analyst,"Robinson, Valencia and Smith",Chennai,2025-04-25,Mid Level,"Statistics, Communication, Excel, Power BI",8,11,https://www.murray.biz/,2025-05-20 16:21:23
ML Engineer,Ford LLC,Remote,2025-05-09,Entry Level,"SQL, Python, Tableau, Excel, Machine Learning",5,6,http://www.cuevas-cook.net/,2025-05-15 21:06:13
ML Engineer,Williams and Sons,Mumbai,2025-05-15,Entry Level,"Machine Learning, Statistics, Excel, Communication, Tableau",4,6,http://www.wright-cherry.info/,2025-05-13 06:03:37
Data Scientist,Daniel-Cherry,Hyderabad,2025-04-27,Senior Level,"Machine Learning, Communication, SQL, Python, Power BI",24,25,http://www.richard.com/,2025-05-06 20:37:17
ML Engineer,Nguyen-Rice,Gurgaon,2025-05-15,Entry Level,"Power BI, Excel, Machine Learning, SQL, Communication",5,6,http://www.smith.com/,2025-05-07 11:33:43
Analytics Intern,Poole PLC,Chennai,2025-05-21,Internship,"SQL, Power BI, Communication, Excel",1,2,http://www.haley-white.com/,2025-05-07 14:21:30
Analytics Intern,Sweeney PLC,Delhi,2025-05-10,Internship,"Machine Learning, SQL, Communication",1,2,http://ibarra.com/,2025-05-21 02:14:31
ML Engineer,Richardson-Santos,Pune,2025-05-01,Entry Level,"SQL, Power BI, Python, Tableau",5,6,http://williams.com/,2025-05-21 08:36:16
Data Engineer,"Murphy, Grant and Anderson",Mumbai,2025-04-26,Entry Level,"Statistics, Tableau, Excel",3,6,http://www.stokes.com/,2025-05-02 21:33:16
BI Analyst,"Bray, Hawkins and Fowler",Delhi,2025-05-22,Entry Level,"Communication, SQL, Excel, Statistics",3,5,http://gonzalez.org/,2025-05-13 02:45:47
Data Analyst,"Cox, Johnson and Davidson",Pune,2025-04-26,Mid Level,"Python, Communication, Power BI, Excel, SQL",7,10,https://strong.com/,2025-05-15 07:34:54
Data Scientist,Smith-Scott,Delhi,2025-04-23,Entry Level,"Statistics, Machine Learning, Power BI, Communication, Tableau",3,4,https://chan.org/,2025-05-02 11:21:27
BI Analyst,Hale-Massey,Bangalore,2025-05-01,Entry Level,"Python, Excel, Tableau, SQL",3,6,https://www.watts.org/,2025-05-14 19:05:25
Data Analyst,Baker LLC,Bangalore,2025-04-29,Mid Level,"Machine Learning, Excel, SQL, Python, Power BI",7,9,http://www.pacheco.com/,2025-05-01 04:25:22
Data Engineer,Conley Group,Chennai,2025-05-09,Entry Level,"Communication, Machine Learning, Tableau, Statistics",3,5,https://www.anderson-cruz.com/,2025-05-06 22:58:46
Data Engineer,Burke-Meza,Gurgaon,2025-04-24,Senior Level,"Machine Learning, Statistics, SQL, Communication",14,20,http://www.parker.net/,2025-05-21 20:03:30
BI Analyst,Reed-Lane,Hyderabad,2025-05-14,Entry Level,"Python, Tableau, Statistics, SQL, Communication",3,4,https://www.singh-miller.info/,2025-05-18 08:15:03
ML Engineer,Williams LLC,Bangalore,2025-05-05,Entry Level,"Python, Tableau, Communication, Machine Learning, Statistics",5,6,http://www.peterson.com/,2025-05-07 19:25:22
Data Analyst,Burns-Ray,Mumbai,2025-05-04,Entry Level,"Tableau, Power BI, Machine Learning, SQL, Communication",4,5,http://www.rodriguez.com/,2025-05-07 07:12:07
Analytics Intern,Williams and Sons,Bangalore,2025-05-18,Internship,"SQL, Machine Learning, Tableau, Excel, Communication",1,2,https://snyder.com/,2025-05-06 13:25:54
BI Analyst,Campbell and Sons,Mumbai,2025-04-29,Entry Level,"Power BI, Statistics, Excel",3,5,http://turner.biz/,2025-05-11 13:01:36
Data Engineer,Church Group,Pune,2025-05-20,Mid Level,"Communication, SQL, Machine Learning",8,10,https://vance.biz/,2025-05-14 07:19:22
BI Analyst,"Bass, West and Morgan",Hyderabad,2025-05-17,Entry Level,"Communication, SQL, Python",5,6,https://nichols-reyes.com/,2025-05-14 18:47:50
Data Engineer,Jones Inc,Mumbai,2025-04-29,Senior Level,"Tableau, Excel, Power BI, Python",22,23,https://espinoza.com/,2025-05-16 21:01:25
Data Analyst,Adams-White,Bangalore,2025-05-08,Senior Level,"SQL, Python, Statistics, Machine Learning",17,23,http://www.williams.com/,2025-05-23 11:02:16
Data Scientist,Lewis Ltd,Delhi,2025-04-27,Entry Level,"SQL, Excel, Statistics, Communication, Python",4,6,http://www.mason.net/,2025-05-23 00:04:10
BI Analyst,Dominguez-Clayton,Remote,2025-05-16,Entry Level,"Excel, Python, SQL, Statistics",4,6,http://www.parker-hernandez.info/,2025-05-02 13:11:41
Data Scientist,Campbell and Sons,Gurgaon,2025-05-12,Senior Level,"Communication, SQL, Tableau, Power BI, Excel",19,24,http://colon-parsons.com/,2025-05-21 12:30:15
Data Engineer,Lee-Yang,Delhi,2025-05-02,Entry Level,"Communication, Python, Statistics, Excel",4,5,http://www.flowers.biz/,2025-05-09 08:06:55
Analytics Intern,Adkins-Moyer,Bangalore,2025-04-25,Internship,"SQL, Power BI, Machine Learning, Communication, Statistics",1,2,http://roberts.com/,2025-05-03 00:01:30
ML Engineer,Lewis Ltd,Gurgaon,2025-05-21,Entry Level,"Excel, Tableau, Power BI",5,6,https://allen.biz/,2025-05-03 07:26:25
BI Analyst,Watson-Fox,Mumbai,2025-04-28,Mid Level,"Tableau, Python, Communication, SQL",8,10,http://www.marks.com/,2025-05-17 01:25:09
Data Engineer,"Parker, Manning and Bell",Gurgaon,2025-05-18,Entry Level,"Communication, Statistics, Tableau, Power BI",3,4,http://www.bright.com/,2025-05-09 01:58:00
Data Analyst,Kelly and Sons,Remote,2025-05-05,Entry Level,"Statistics, Power BI, Python",4,5,https://www.graham.info/,2025-05-12 23:56:19
Data Engineer,"Watkins, Robinson and Perkins",Bangalore,2025-05-15,Senior Level,"Power BI, Machine Learning, Statistics, Communication, Excel",24,25,https://forbes.net/,2025-05-04 10:30:06
ML Engineer,"Bray, Hawkins and Fowler",Hyderabad,2025-05-15,Senior Level,"Machine Learning, Communication, Power BI, Python, Tableau",17,25,http://dougherty.com/,2025-05-04 18:04:11
Analytics Intern,"Robinson, Valencia and Smith",Bangalore,2025-05-03,Internship,"Tableau, Communication, Statistics, Excel, Python",1,2,http://www.davis-harmon.com/,2025-05-12 08:14:25
Data Analyst,Watson-Fox,Remote,2025-04-25,Entry Level,"Tableau, Communication, SQL",5,6,https://www.love.com/,2025-05-11 10:35:42
Data Scientist,Mendez-Carter,Gurgaon,2025-04-27,Entry Level,"SQL, Statistics, Power BI, Python",3,6,http://steele-cunningham.com/,2025-05-06 21:00:18
Analytics Intern,Baker LLC,Mumbai,2025-04-29,Internship,"Excel, Power BI, Python, Tableau, Machine Learning",1,2,http://jones.com/,2025-05-10 00:32:48
Data Engineer,Hayden and Sons,Remote,2025-05-04,Senior Level,"Excel, Machine Learning, SQL, Python, Power BI",24,25,http://delgado.org/,2025-05-06 22:58:22
Analytics Intern,Pruitt Inc,Pune,2025-05-06,Internship,"Power BI, Excel, Communication, Statistics, Tableau",1,2,http://foster-baldwin.com/,2025-05-20 20:26:49
BI Analyst,Stevenson PLC,Delhi,2025-05-19,Entry Level,"Machine Learning, Communication, Statistics, Tableau, SQL",5,6,https://reynolds.com/,2025-05-08 09:35:07
Data Scientist,Tate Inc,Chennai,2025-04-26,Mid Level,"Excel, Tableau, Statistics, Communication, Python",11,12,https://olson-meyer.com/,2025-05-02 23:00:39
ML Engineer,Sweeney PLC,Remote,2025-05-22,Mid Level,"Tableau, Statistics, Power BI, Python, Communication",11,12,https://glover.net/,2025-05-19 01:04:48
Data Analyst,Miller-Williams,Delhi,2025-04-26,Entry Level,"Excel, Communication, Machine Learning, Statistics",3,4,http://www.smith.info/,2025-05-05 00:39:51
Data Scientist,Adams Ltd,Chennai,2025-04-27,Entry Level,"Communication, Python, Tableau, Machine Learning",5,6,http://www.roth.org/,2025-05-08 20:22:39
Data Scientist,Underwood-Morgan,Gurgaon,2025-05-16,Entry Level,"Python, Power BI, Statistics, Machine Learning, Excel",5,6,http://johnson-huber.biz/,2025-05-01 19:11:28
Data Engineer,"Bray, Hawkins and Fowler",Bangalore,2025-05-02,Mid Level,"Power BI, Machine Learning, Statistics, Excel",7,12,https://bond-griffith.com/,2025-05-01 18:59:39
Data Engineer,Williams and Sons,Hyderabad,2025-05-22,Mid Level,"Excel, Machine Learning, Python, SQL",7,10,https://www.ballard.org/,2025-05-04 22:39:19
Data Scientist,"Randolph, Rivers and Richardson",Mumbai,2025-05-15,Entry Level,"Tableau, SQL, Statistics, Communication, Excel",4,6,https://thompson.net/,2025-05-11 05:45:07
Data Analyst,"Bass, West and Morgan",Remote,2025-05-06,Mid Level,"Machine Learning, Tableau, Python",7,8,https://www.meyer.com/,2025-05-21 13:53:08
Analytics Intern,"Delgado, Caldwell and Weeks",Chennai,2025-05-03,Internship,"Machine Learning, Tableau, SQL",1,2,https://collins.com/,2025-05-08 17:20:34
Data Scientist,"Young, Harding and Webb",Mumbai,2025-05-01,Mid Level,"Statistics, Python, Excel, SQL, Tableau",7,11,http://www.thompson.net/,2025-05-14 02:35:21
Analytics Intern,"Bass, West and Morgan",Pune,2025-05-02,Internship,"Communication, Tableau, Machine Learning",1,2,https://joyce.info/,2025-05-17 12:12:36
Data Analyst,"Lloyd, Hoffman and Hill",Pune,2025-05-07,Entry Level,"Machine Learning, Power BI, Python",5,6,https://www.wallace.info/,2025-05-18 04:27:19
BI Analyst,Hernandez and Sons,Chennai,2025-05-22,Entry Level,"Communication, Power BI, Python, Excel, SQL",5,6,http://fritz.com/,2025-05-06 13:28:54
ML Engineer,Bryant-Bush,Mumbai,2025-05-04,Senior Level,"Python, Machine Learning, Communication, SQL, Tableau",14,23,https://rivas-patrick.biz/,2025-05-12 09:45:34
Analytics Intern,Proctor-Evans,Mumbai,2025-04-30,Internship,"SQL, Machine Learning, Statistics, Communication, Python",1,2,http://phillips.com/,2025-05-09 13:30:41
BI Analyst,Williams LLC,Pune,2025-05-16,Entry Level,"Tableau, Communication, Python",3,4,https://cook-craig.com/,2025-05-15 14:21:32
Data Engineer,Rojas-Hall,Chennai,2025-05-11,Entry Level,"Machine Learning, Python, Power BI, Statistics",4,6,https://www.austin.com/,2025-05-14 08:40:55
Data Engineer,Hickman Group,Mumbai,2025-05-18,Mid Level,"SQL, Excel, Tableau, Python, Statistics",10,11,http://fitzpatrick-hughes.info/,2025-05-20 23:10:35
Analytics Intern,Lara-Conner,Mumbai,2025-04-24,Internship,"Statistics, Communication, Machine Learning, Python",1,2,https://hill-macdonald.net/,2025-05-02 09:14:38
BI Analyst,"Vaughn, Valencia and Sullivan",Hyderabad,2025-05-19,Entry Level,"Excel, Communication, Machine Learning, Statistics, Python",4,6,http://dillon-braun.com/,2025-05-04 01:51:46
Data Engineer,Sweeney PLC,Delhi,2025-05-12,Entry Level,"Statistics, Tableau, Communication, Python, Excel",3,6,https://williams.info/,2025-05-08 04:45:02
Data Scientist,Underwood-Morgan,Pune,2025-05-01,Entry Level,"Excel, SQL, Tableau",5,6,http://hamilton.com/,2025-05-11 20:55:17
ML Engineer,Harris-Peterson,Mumbai,2025-05-21,Entry Level,"Communication, Machine Learning, Tableau, Python, Excel",5,6,https://turner.biz/,2025-05-02 04:35:31
Analytics Intern,Saunders and Sons,Chennai,2025-05-16,Internship,"Communication, Excel, Statistics, SQL, Tableau",1,2,https://www.graham.biz/,2025-05-21 22:54:22
Data Analyst,Bender PLC,Mumbai,2025-05-22,Senior Level,"Machine Learning, Tableau, Communication, Excel",17,25,https://www.joseph.com/,2025-05-21 09:20:26
Analytics Intern,Nelson-Juarez,Delhi,2025-05-11,Internship,"Excel, Python, Communication, SQL",1,2,http://alvarez-malone.com/,2025-05-13 23:27:17
Data Scientist,Williams LLC,Gurgaon,2025-04-26,Entry Level,"Machine Learning, Power BI, Statistics, Communication, Excel",4,5,http://graves.com/,2025-05-06 20:40:54
ML Engineer,"Cox, Johnson and Davidson",Mumbai,2025-05-03,Entry Level,"Excel, Tableau, SQL, Communication",5,6,http://johnson.com/,2025-05-20 07:51:10
Analytics Intern,Smith Inc,Mumbai,2025-05-17,Internship,"Python, Statistics, Tableau, Machine Learning, Power BI",1,2,https://www.cisneros.com/,2025-05-06 15:32:17
Data Engineer,Ford LLC,Bangalore,2025-05-07,Mid Level,"Excel, Communication, Power BI, SQL, Statistics",10,12,https://brewer.org/,2025-05-03 09:57:04
Data Scientist,Huffman-Hill,Mumbai,2025-05-20,Entry Level,"Power BI, Statistics, Tableau, SQL, Machine Learning",5,6,https://davis.com/,2025-05-19 20:36:08
BI Analyst,"Vaughn, Valencia and Sullivan",Delhi,2025-04-25,Mid Level,"Communication, Excel, Python, SQL, Power BI",10,11,http://hoffman.com/,2025-05-01 07:50:22
Data Scientist,Saunders and Sons,Chennai,2025-05-08,Entry Level,"Machine Learning, Power BI, Statistics",3,6,http://www.dickson.com/,2025-05-01 16:00:38
BI Analyst,Wolfe-Allison,Bangalore,2025-05-08,Senior Level,"Tableau, Statistics, Machine Learning, Excel, SQL",17,19,https://harvey.com/,2025-05-13 20:40:59
BI Analyst,"Bradley, Silva and Herrera",Gurgaon,2025-05-13,Entry Level,"Tableau, Power BI, SQL, Communication, Statistics",5,6,https://white-grant.com/,2025-05-01 10:11:30
ML Engineer,Rasmussen-Wood,Remote,2025-05-21,Mid Level,"Excel, Power BI, SQL, Machine Learning, Python",10,11,http://www.burke.com/,2025-05-17 05:14:53
Data Engineer,"Parker, Manning and Bell",Chennai,2025-04-28,Entry Level,"SQL, Machine Learning, Communication, Power BI",3,4,https://summers-hughes.com/,2025-05-22 23:52:37
ML Engineer,Hernandez-Oneill,Mumbai,2025-04-23,Entry Level,"Excel, Machine Learning, Power BI",4,6,https://moore-lee.com/,2025-05-01 02:53:21
Data Analyst,Rogers-Branch,Bangalore,2025-05-07,Entry Level,"Python, Tableau, SQL",5,6,http://www.tucker.net/,2025-05-21 15:18:19
Data Analyst,Watson-Fox,Chennai,2025-05-06,Senior Level,"Python, Machine Learning, Statistics, Excel, Communication",20,24,http://davis-rasmussen.com/,2025-05-05 13:48:18
Data Scientist,Graves-Cole,Remote,2025-04-29,Senior Level,"Excel, Statistics, Tableau, SQL",14,18,http://patrick.com/,2025-05-15 18:27:02
Data Engineer,Lewis Ltd,Chennai,2025-05-16,Entry Level,"SQL, Communication, Power BI, Machine Learning",5,6,http://rhodes.org/,2025-05-14 21:10:40
Data Scientist,Campbell and Sons,Bangalore,2025-05-08,Entry Level,"SQL, Communication, Power BI",5,6,https://patterson-campbell.biz/,2025-05-10 00:35:59
Data Engineer,Pruitt Inc,Bangalore,2025-05-19,Senior Level,"SQL, Power BI, Machine Learning",20,25,https://stevenson-duarte.com/,2025-05-13 07:46:45
Data Scientist,Liu LLC,Bangalore,2025-05-17,Senior Level,"Statistics, Excel, Python, Tableau, Power BI",24,25,https://thompson.info/,2025-05-13 13:05:08
Data Scientist,"Phillips, Phillips and Phillips",Gurgaon,2025-05-22,Entry Level,"Excel, Communication, Power BI, SQL",5,6,http://wells.com/,2025-05-02 01:19:25
Data Analyst,Bender PLC,Gurgaon,2025-04-28,Entry Level,"Python, Tableau, Statistics, Communication, Machine Learning",3,6,http://white.org/,2025-05-19 10:23:22
BI Analyst,"Bradley, Silva and Herrera",Hyderabad,2025-05-04,Mid Level,"SQL, Communication, Power BI, Tableau",8,12,https://goodman-downs.com/,2025-05-15 14:24:14
ML Engineer,Nguyen-Rice,Gurgaon,2025-04-30,Mid Level,"Statistics, Communication, SQL, Power BI, Tableau",10,12,http://martin.biz/,2025-05-08 04:07:28
Data Scientist,"Harrell, Thompson and Butler",Remote,2025-05-12,Entry Level,"Statistics, Machine Learning, SQL, Python, Communication",4,6,https://williams.com/,2025-05-13 15:28:23
BI Analyst,"Martin, Thompson and Barnes",Delhi,2025-05-21,Entry Level,"Python, SQL, Power BI, Communication",5,6,https://www.fleming-greene.com/,2025-05-03 00:23:40
Data Analyst,"Buchanan, Cuevas and Evans",Remote,2025-05-05,Senior Level,"Tableau, SQL, Excel",18,19,https://www.miller.biz/,2025-05-10 05:21:13
Data Analyst,Liu LLC,Bangalore,2025-05-01,Mid Level,"Tableau, Machine Learning, Communication, Python, SQL",9,12,http://adams-anderson.com/,2025-05-17 22:13:55
Analytics Intern,Kelly and Sons,Remote,2025-05-16,Internship,"Tableau, SQL, Python, Communication, Statistics",1,2,https://www.stanley.org/,2025-05-09 03:22:19
Data Engineer,Watson-Fox,Bangalore,2025-05-18,Entry Level,"SQL, Excel, Power BI",5,6,https://collins.com/,2025-05-12 06:52:37
ML Engineer,Greene PLC,Gurgaon,2025-05-19,Entry Level,"SQL, Python, Tableau",3,6,https://www.olsen.net/,2025-05-02 12:55:25
ML Engineer,Hernandez-Oneill,Pune,2025-05-16,Entry Level,"Power BI, Communication, Statistics, Tableau, Python",4,5,http://chavez-barton.com/,2025-05-21 18:47:12
ML Engineer,Adams-White,Gurgaon,2025-04-30,Mid Level,"Tableau, Excel, Python, Communication, Statistics",10,11,https://www.anderson.info/,2025-05-04 12:27:57
Data Engineer,Smith-Scott,Chennai,2025-05-12,Mid Level,"Power BI, Statistics, Excel, Communication",9,12,http://www.li-thomas.com/,2025-05-02 03:42:44
Analytics Intern,Green Ltd,Bangalore,2025-05-01,Internship,"SQL, Power BI, Machine Learning, Communication",1,2,http://pace.com/,2025-05-06 22:20:01
Analytics Intern,"Martin, Thompson and Barnes",Hyderabad,2025-05-01,Internship,"Python, Machine Learning, Excel, SQL",1,2,http://www.proctor.com/,2025-05-11 17:18:50
ML Engineer,Taylor LLC,Gurgaon,2025-05-12,Mid Level,"Excel, Power BI, Communication, Machine Learning, SQL",8,9,http://brady-hicks.com/,2025-05-16 23:44:02
Data Engineer,"Jones, Gutierrez and Shaffer",Delhi,2025-05-19,Senior Level,"Power BI, SQL, Machine Learning, Statistics",22,23,https://meyer.org/,2025-05-23 04:27:59
ML Engineer,Tate Inc,Hyderabad,2025-05-19,Entry Level,"Excel, Statistics, Python, Machine Learning",3,6,https://clark-collier.com/,2025-05-09 12:11:02
Data Analyst,Baker LLC,Remote,2025-05-08,Mid Level,"Machine Learning, Tableau, Excel, Power BI",10,11,https://www.thompson.com/,2025-05-07 20:37:27
Data Engineer,Brown-Hensley,Remote,2025-04-27,Entry Level,"Power BI, Statistics, Tableau, SQL",5,6,http://www.grant-wade.com/,2025-05-06 20:12:41
Data Analyst,"Whitehead, Williams and Johnson",Gurgaon,2025-04-29,Entry Level,"Machine Learning, Power BI, Communication, SQL, Statistics",5,6,https://www.washington.com/,2025-05-12 19:16:45
Data Analyst,"Martin, Thompson and Barnes",Remote,2025-05-03,Entry Level,"Power BI, Communication, Tableau, Python, Excel",3,4,https://anderson.com/,2025-05-04 23:53:09
ML Engineer,"Delgado, Caldwell and Weeks",Chennai,2025-04-29,Entry Level,"Communication, Tableau, Excel, Machine Learning",4,5,http://sanford.com/,2025-05-14 04:23:54
Data Scientist,Kelly and Sons,Gurgaon,2025-05-16,Entry Level,"Statistics, Excel, Power BI, SQL",5,6,https://www.marks.com/,2025-05-16 20:31:41
Data Engineer,"Payne, Smith and Meyers",Hyderabad,2025-05-13,Senior Level,"Statistics, Communication, Power BI",23,25,https://stephens.com/,2025-05-17 19:15:37
Data Scientist,"Buchanan, Cuevas and Evans",Delhi,2025-05-06,Entry Level,"Communication, SQL, Machine Learning, Tableau",3,4,https://www.russell.com/,2025-05-20 21:49:38
Data Engineer,Hernandez-Oneill,Pune,2025-05-17,Mid Level,"Python, Power BI, Communication, SQL, Machine Learning",8,11,https://rowe-brady.com/,2025-05-07 03:54:43
Data Scientist,Hernandez and Sons,Remote,2025-05-16,Senior Level,"Machine Learning, Excel, Statistics, Communication, Tableau",13,21,http://www.wilson.com/,2025-05-12 12:51:19
ML Engineer,Reed-Lane,Gurgaon,2025-05-04,Entry Level,"Excel, Statistics, Communication, Machine Learning, Tableau",5,6,https://www.castaneda.info/,2025-05-17 18:10:00
Analytics Intern,Bryant-Bush,Remote,2025-05-04,Internship,"Tableau, Power BI, Machine Learning, SQL",1,2,https://www.casey-johnson.com/,2025-05-04 03:29:58
Data Scientist,Mcmillan Group,Pune,2025-04-27,Entry Level,"SQL, Communication, Excel",5,6,https://leonard.com/,2025-05-10 14:30:05
Data Scientist,Adkins-Moyer,Pune,2025-05-20,Mid Level,"Statistics, Excel, Power BI, Communication, Machine Learning",11,12,http://www.jackson-daniel.com/,2025-05-23 11:04:23
